{
  "format_version": "1.13.0",
  "minecraft:feature_rules": {
    "description": {
      "identifier": "minecraft:desert_or_swamp_after_surface_fossil_feature",
      "places_feature": "minecraft:fossil_feature"
    },
    "conditions": {
      "placement_pass": "after_surface_pass",
      "minecraft:biome_filter": [
        {
          "any_of": [
            {
              "test": "has_biome_tag",
              "operator": "==",
              "value": "desert"
            },
            {
              "test": "has_biome_tag",
              "operator": "==",
              "value": "swamp"
            }
          ]
        }
      ]
    },
    "distribution": {
      "iterations": 1,
      "scatter_chance": {
        "numerator": 1,
        "denominator": 64
      },
      "x": 0,
      "y": 0,
      "z": 0
    }
  }
}
