{
  "format_version": "1.13.0",
  "minecraft:biome": {
    "description": {
      "identifier": "ice_plains"
    },
    "components": {
      "minecraft:climate": {
        "downfall": 0.5,
        "snow_accumulation": [ 0.25, 1.0 ],
        "temperature": 0.0
      },
      "minecraft:overworld_height": {
        "noise_type": "lowlands"
      },
      "minecraft:surface_parameters": {
        "sea_floor_depth": 7,
        "sea_floor_material": "minecraft:gravel",
        "foundation_material": "minecraft:stone",
        "mid_material": "minecraft:dirt",
        "top_material": "minecraft:grass",
        "sea_material": "minecraft:water"
      },
      "minecraft:overworld_generation_rules": {
        "hills_transformation": "ice_mountains",
        "mutate_transformation": "ice_plains_spikes",
        "generate_for_climates": [
          [ "frozen", 3 ]
        ]
      },

      "frozen": {},
      "ice": {},
      "ice_plains": {},
      "overworld": {}
    }
  }
}
