{
  "format_version": "1.13.0",
  "minecraft:biome": {
    "description": {
      "identifier": "plains"
    },
    "components": {
      "minecraft:climate": {
        "downfall": 0.4,
        "snow_accumulation": [ 0.0, 0.125 ],
        "temperature": 0.8
      },
      "minecraft:overworld_height": {
        "noise_type": "lowlands"
      },
      "minecraft:surface_parameters": {
        "sea_floor_depth": 7,
        "sea_floor_material": "minecraft:gravel",
        "foundation_material": "minecraft:stone",
        "mid_material": "minecraft:dirt",
        "top_material": "minecraft:grass",
        "sea_material": "minecraft:water"
      },
      "minecraft:overworld_generation_rules": {
        "hills_transformation": [
          [ "forest_hills", 1 ],
          [ "forest", 2 ]
        ],
        "mutate_transformation": "sunflower_plains",
        "generate_for_climates": [
          [ "medium", 3 ],
          [ "warm", 1 ],
          [ "cold", 1 ]
        ]
      },

      "animal": {},
      "monster": {},
      "overworld": {},
      "plains": {},
      "bee_habitat": {}
    }
  }
}
